Title,Group
Russell Westbrook Explains Decision to Leave Denver: 'They Didn't Want Me Back',NBA
Pelicans Star Zion Williamson Set to Miss Time With Hamstring Strain,NBA
Myles Turner Fires Back at Pacers Fans With Frank Message After Getting Booed,NBA
Inside Ja Morant’s Frustration With the Grizzlies and What It Means for His Future,NBA
Ja Morant Latest NBA Star to Lose His Joy Amidst Rocky Patch in Memphis,NBA
Giannis Antetokounmpo Had One-Finger Gesture for Pacers Fans Who Booed Myles Turner,NBA
Schedule Watch: When Will the Thunder Lose? When Will the Nets or Pelicans Win?,NBA
Cavaliers Reportedly Set Return Date for Two-Time All-Star Darius Garland,NBA
Mannix’s NBA Notebook: Pelicans’ Slide Puts Willie Green Under Pressure,NBA
Ja Morant Upset With Grizzlies’ Coaching Staff After Loss to Lakers: ‘Go Ask Him’,NBA
‘I Love Him’—Wayne Rooney Names Surprising Striker Man Utd Should Have Signed,Soccer Transfers
Arsenal Battling Rivals for Teenage Record Breaker Backed by Club Legend,Soccer Transfers
William Saliba Makes Surprise Admission Over Real Madrid Transfer Interest,Soccer Transfers
Harry Kane ‘Considering’ Blockbuster Barcelona Transfer,Soccer Transfers
Transfer Rumors: Barcelona Plot Haaland Swap; Liverpool Make Wharton Bid,Soccer Transfers
Crystal Palace Chief Drops Marc Guehi Transfer Bombshell,Soccer Transfers
Barcelona’s Potential Lewandowski Replacement Wants Transfer ‘Finalized’ in January,Soccer Transfers
Man Utd Reveal Transfer Strategy as Results Start to Turn for Ruben Amorim,Soccer Transfers
Chelsea to ‘Hold Talks’ With Teenage Talent Amid Uncertain Future,Soccer Transfers
Endrick ‘in Talks’ With Surprise Club to Complete Real Madrid Exit,Soccer Transfers
Jaedyn Shaw Opens Up About Her Trade to Gotham FC: ‘I Fit Right In’,Women Soccer
USWNT Icon Christen Press to Retire at End of 2025 Season,Women Soccer
USWNT Roster Takeaways: Trinity Rodman and Jaedyn Shaw Make Triumphant Return,Women Soccer
The Favorites Storylines and Questions for the 2025–26 Women's Champions League Season,Women Soccer
Ranking the Favorites to Win the 2025 Ballon d'Or Féminin,Women Soccer
NWSL Matchday 21 Power Rankings: Gotham Rise with Jaedyn Shaw's Dream Debut,Women Soccer
‘A Calculated Risk’: New Angel City Star Nealy Martin Opens Up on Gotham Trade,Women Soccer
NWSL Matchday 20 Power Rankings: More Misery for Orlando Pride,Women Soccer
Alyssa Thompson: USWNT Star Completes Record-Breaking Move to Chelsea,Women Soccer
NWSL Matchday 19 Power Rankings: Angel City Back in the Mix After Turnaround,Women Soccer